station,route_status,routing_mode,imagery_mode,route_distance_m,checkpoints,image_references,unique_mapillary_images,destination
ADMIRALTY MRT,complete,walking,route,1153.7,16,11,8,Public toilet
ALJUNIED MRT,complete,walking,route,23.2,2,4,4,Public toilet
ANG MO KIO MRT,complete,walking,route,1364.3,19,18,10,Public toilet
BEAUTY WORLD MRT,complete,walking,route,177.0,4,8,6,Public toilet
BEDOK MRT,complete,walking,route,1392.6,19,36,34,Public toilet
BEDOK NORTH MRT,complete,walking,route,661.8,10,14,13,Public toilet
BEDOK RESERVOIR MRT,complete,walking,route,310.7,5,10,10,Public toilet
BISHAN MRT,complete,walking,route,651.4,10,2,2,Public toilet
BOON KENG MRT,complete,walking,route,1237.1,17,32,26,Public toilet
BOON LAY MRT,complete,walking,route,55.0,2,3,3,Public toilet
BOTANIC GARDENS MRT,complete,walking,route,42.6,2,4,4,Public toilet
BRADDELL MRT,complete,walking,route,489.2,8,15,12,Public toilet
BRIGHT HILL MRT,complete,approximate,route,625.2698432958937,9,18,15,Public toilet
BUANGKOK MRT,complete,walking,route,219.3,4,8,7,Public toilet
BUGIS MRT,complete,walking,route,501.5,8,16,15,Public toilet
BUKIT BATOK MRT,complete,walking,route,1289.0,18,36,31,Public toilet
BUKIT GOMBAK MRT,complete,walking,route,0.0,1,2,2,Public toilet
BUKIT PANJANG MRT,complete,walking,route,418.4,7,14,14,Public toilet
CALDECOTT MRT,complete,approximate,route,30.540698154487142,2,4,2,Public toilet
CASHEW MRT,complete,walking,route,71.4,2,4,4,Public toilet
CHINATOWN MRT,complete,walking,route,110.2,3,6,6,Toilets @ MRT Station
CHOA CHU KANG MRT,complete,walking,route,453.8,7,14,14,Public toilet
CLEMENTI MRT,complete,walking,route,152.5,3,6,6,Public toilet
COMMONWEALTH MRT,complete,walking,route,170.5,4,8,8,Public toilet
DAKOTA MRT,complete,walking,route,290.1,5,10,10,Public toilet
EUNOS MRT,complete,walking,route,44.4,2,4,4,Public toilet
FARRER ROAD MRT,complete,approximate,route,208.62505871516132,4,8,8,Public toilet
GEYLANG BAHRU MRT,complete,walking,route,327.2,6,12,10,Public toilet
HAVELOCK MRT,complete,walking,route,618.4,9,18,18,Public toilet
HOUGANG MRT,complete,approximate,route,21.74915804890673,2,4,2,Public toilet
KAKI BUKIT MRT,complete,approximate,route,575.6650305465777,9,16,14,Public toilet
KALLANG MRT,complete,approximate,route,33.502769226929935,2,4,4,Public toilet
KEMBANGAN MRT,complete,approximate,route,585.824057779251,9,14,12,Public toilet
KHATIB MRT,complete,approximate,route,727.5359661357145,11,18,16,Public toilet
KOVAN MRT,complete,approximate,route,504.9676570626488,8,12,10,Public toilet
LAKESIDE MRT,complete,approximate,route,94.81801700469829,3,6,6,Public toilet
LAVENDER MRT,complete,approximate,route,43.74151892625802,2,4,4,Public toilet
MACPHERSON MRT,complete,approximate,route,402.3716291707459,7,14,13,Public toilet
MARINE PARADE MRT,complete,approximate,route,73.02193173276201,2,4,4,Public toilet
MARINE TERRACE MRT,complete,approximate,route,479.21212206155224,7,12,10,Showers
MARSILING MRT,complete,approximate,route,951.6817610039607,13,26,25,Public toilet
MARYMOUNT MRT,complete,approximate,route,729.8137332094055,11,22,20,Public toilet
MATTAR MRT,complete,approximate,route,140.97516106512685,3,6,6,Public toilet
MAXWELL MRT,complete,approximate,route,59.466803529550354,2,4,4,Public toilet
MAYFLOWER MRT,complete,approximate,route,646.4332633622829,10,20,17,Public toilet
MOUNTBATTEN MRT,complete,approximate,route,346.35937005206256,6,12,12,Public toilet
NOVENA MRT,complete,approximate,route,489.2004759937203,8,16,13,Public toilet
PASIR RIS MRT,complete,approximate,route,4.947187839938811,2,4,3,Public toilet
PAYA LEBAR MRT,complete,approximate,route,244.29955116520873,5,10,8,Public toilet
PIONEER MRT,complete,approximate,route,48.76422953232586,2,4,4,Public toilet
POTONG PASIR MRT,complete,approximate,route,975.3739460753646,14,24,23,Public toilet
PUNGGOL MRT,complete,approximate,route,47.86715047637963,2,4,4,Public toilet
QUEENSTOWN MRT,complete,approximate,route,20.778131698969762,2,4,4,Public toilet
REDHILL MRT,complete,approximate,route,6.7291086479883635,2,4,2,Public toilet
SEMBAWANG MRT,complete,approximate,route,18.628195202568627,2,4,3,Public toilet
SENGKANG MRT,complete,approximate,route,26.80548233005187,2,4,4,Public toilet
SERANGOON MRT,complete,approximate,route,45.12371645873789,2,4,4,Public toilet
SIMEI MRT,complete,approximate,route,1090.7498139939626,15,30,29,Public toilet
STADIUM MRT,complete,approximate,route,236.98828617595902,4,8,8,Public toilet
TAI SENG MRT,complete,approximate,route,119.45650885904341,3,6,6,Public toilet
TAMPINES EAST MRT,complete,approximate,route,1186.3101082184853,16,32,32,Public toilet
TAMPINES MRT,complete,approximate,expanded-route,31.847131377268312,2,4,4,Public toilet
TAMPINES WEST MRT,complete,walking,route,1310.6,18,32,29,Public toilet
TANAH MERAH MRT,complete,walking,route,1688.3,23,46,44,Public toilet
TANJONG RHU MRT,complete,walking,route,419.9,7,14,12,Public toilet
TIONG BAHRU MRT,complete,walking,route,481.4,8,16,15,Public toilet
TOA PAYOH MRT,complete,walking,route,1393.8,19,38,37,Public toilet
UBI MRT,complete,walking,route,0.5,1,2,2,Public toilet
UPPER CHANGI MRT,complete,walking,route,714.2,10,20,20,Public toilet
UPPER THOMSON MRT,complete,walking,route,229.3,4,8,8,Public toilet
WOODLANDS SOUTH MRT,complete,walking,route,269.0,5,4,2,Public toilet
YEW TEE MRT,complete,walking,route,805.8,12,16,14,Public toilet
YISHUN MRT,complete,walking,route,1068.9,15,20,20,Public toilet
